Testuser3 Debnath tamadebnath2001+2335@gmail.com 01304512332 Hajigonj Male 10/25/2025 VIEW
Testuser9 Debnath tamadebnath2001+2339@gmail.com 01304512392 Hajigonj Male 10/25/2025 VIEW 
Testuser8 Debnath tamadebnath2001+2338@gmail.com 01304512378 Hajigonj Male 10/25/2025 VIEW 
Testuser2 Debnath tamadebnath2001+2334@gmail.com 01304512322 Hajigonj Male 10/25/2025 VIEW 
Testuser7 Debnath tamadebnath2001+2337@gmail.com 01304512372 Hajigonj Male 10/25/2025 VIEW 
Testuser4 Debnath tamadebnath2001+2336@gmail.com 01304512362 Hajigonj Male 10/25/2025 VIEW 
jsdhsd smds,nfms tamadebnath2001+233@gmail.com 872318762184012 Hajigonj Female 10/25/2025 VIEW 
Testuser1 Debnath tamadebnath2001+2333@gmail.com 01304512312 Hajigonj Male 10/25/2025 VIEW 
Reyes Sauer Reyes.Sauer530@gmail.com 01315564896 Hong Kong Male 10/25/2025 VIEW 
Delores Weissnat Delores.Weissnat246@gmail.com 01333465526 Italy Male 10/25/2025 VIEW 
Testuser13 Debnath tamadebnath2001+2315@gmail.com 01304512132 Hajigonj Male 10/25/2025 VIEW 
Testuser12 Debnath tamadebnath2001+2319@gmail.com 01304512192 Hajigonj Male 10/25/2025 VIEW 
Testuser11 Debnath tamadebnath2001+2318@gmail.com 01304512178 Hajigonj Male 10/25/2025 VIEW 
William Boyle tamadebnath2001+5460@gmail.com 01303852464 Apt. 523 19576 Ankunding Center, Davidstad, MO 94124 Male 10/25/2025 VIEW 
Abdul Rahman Abdul@gmail.com 01937785325 dhaka Male 10/25/2025 VIEW 
Testuser3 Debnath tamadebnath2001+2335@gmail.com 01304512332 Hajigonj Male 10/25/2025 VIEW 
Testuser9 Debnath tamadebnath2001+2339@gmail.com 01304512392 Hajigonj Male 10/25/2025 VIEW 
Testuser8 Debnath tamadebnath2001+2338@gmail.com 01304512378 Hajigonj Male 10/25/2025 VIEW 
Testuser2 Debnath tamadebnath2001+2334@gmail.com 01304512322 Hajigonj Male 10/25/2025 VIEW 
Testuser7 Debnath tamadebnath2001+2337@gmail.com 01304512372 Hajigonj Male 10/25/2025 VIEW 
Testuser16 Debnath tamadebnath2001+2322@gmail.com 01304512110 Hajigonj Male 10/25/2025 VIEW 
Testuser15 Debnath tamadebnath2001+2321@gmail.com 01304512199 Hajigonj Male 10/25/2025 VIEW 
Testuser14 Debnath tamadebnath2001+2320@gmail.com 01304512179 Hajigonj Male 10/25/2025 VIEW 
Roosevelt Nikolaus testuser_910c2cda@gmail.com 01885400755 dhaka Male 10/25/2025 VIEW 
Randell Corwin tamadebnath2001+5961@gmail.com 01301350137 89431 Toney Lock, Port Felicefort, MA 49679 Male 10/25/2025 VIEW 
Anisa Ortiz testuser_34825efc@gmail.com 01582270691 dhaka Male 10/25/2025 VIEW 
Andreas Auer testuser_a8647abe@gmail.com 01745184109 dhaka Male 10/25/2025 VIEW 
Robbie McLaughlin Robbie.McLaughlin867@gmail.com 01363196190 French Southern Territories Male 10/25/2025 VIEW 
Darryl Johnston testuser_7637c9f5@gmail.com 01552188230 dhaka Male 10/25/2025 VIEW 
Testuser13 Debnath tamadebnath2001+2315@gmail.com 01304512132 Hajigonj Male 10/25/2025 VIEW 
Testuser20 Debnath tamadebnath2001+2370@gmail.com 01304412179 Hajigonj Male 10/25/2025 VIEW 
Eduardo Kutch testuser_41e6943a@gmail.com 01668358441 Mexico Male 10/25/2025 VIEW 
Nestor Leuschke testuser_1270e37d@gmail.com 01748750977 Christmas Island Male 10/25/2025 VIEW 
Nathalie Becker testuser_6d637bee@gmail.com 01444538850 Portugal Male 10/25/2025 VIEW 
Renato Kirlin tamadebnath2001+1486@gmail.com 01309601101 Suite 552 07858 Fadel Radial, Roscoemouth, AK 84028-8941 Male 10/25/2025 VIEW 
Jarrett Stanton Jarrett.Stanton256@gmail.com 01371749734 French Guiana Male 10/25/2025 VIEW 
Testuser16 Debnath tamadebnath2001+2322@gmail.com 01304512110 Hajigonj Male 10/25/2025 VIEW 
Testuser15 Debnath tamadebnath2001+2321@gmail.com 01304512199 Hajigonj Male 10/25/2025 VIEW 
Testuser14 Debnath tamadebnath2001+2320@gmail.com 01304512179 Hajigonj Male 10/25/2025 VIEW 
Roosevelt Nikolaus testuser_910c2cda@gmail.com 01885400755 dhaka Male 10/25/2025 VIEW 
Testuser29 Debnath tamadebnath2001+2398@gmail.com 01304412710 Hajigonj Male 10/25/2025 VIEW 
Testuser27 Debnath tamadebnath2001+2371@gmail.com 01304412779 Hajigonj Male 10/25/2025 VIEW 
Courtney Reichert tamadebnath2001+2304@gmail.com 01308978554 Suite 168 4119 Bud Skyway, Lake Tennille, TN 60497 Male 10/25/2025 VIEW 
Elbert Aufderhar nazia8063112@gmail.com 01505759976 Brasilia Female 10/25/2025 VIEW 
Chastity Sipes testuser_c7f45b4a@gmail.com 01425798368 Svalbard & Jan Mayen Islands Male 10/25/2025 VIEW 
Testuser20 Debnath tamadebnath2001+2370@gmail.com 01304412179 Hajigonj Male 10/25/2025 VIEW 
Eduardo Kutch testuser_41e6943a@gmail.com 01668358441 Mexico Male 10/25/2025 VIEW 
Nestor Leuschke testuser_1270e37d@gmail.com 01748750977 Christmas Island Male 10/25/2025 VIEW 
Nathalie Becker testuser_6d637bee@gmail.com 01444538850 Portugal Male 10/25/2025 VIEW 
Renato Kirlin tamadebnath2001+1486@gmail.com 01309601101 Suite 552 07858 Fadel Radial, Roscoemouth, AK 84028-8941 Male 10/25/2025 VIEW 
Testuser40 Debnath tamadebnath2001+3375@gmail.com 01315012779 Hajigonj Male 10/25/2025 VIEW 
Olivia Padberg tamadebnath2001+2889@gmail.com 01309944136 Apt. 016 35597 Rohan Wells, Torphyfurt, MN 04651-1285 Male 10/25/2025 VIEW 
Irvin Miller testuser_627e309a@gmail.com 01470447187 Tuvalu Male 10/25/2025 VIEW 
Clyde Collins testuser_932fd872@gmail.com 01752122616 Ecuador Male 10/25/2025 VIEW 
Testuser29 Debnath tamadebnath2001+2398@gmail.com 01304412710 Hajigonj Male 10/25/2025 VIEW 
Testuser27 Debnath tamadebnath2001+2371@gmail.com 01304412779 Hajigonj Male 10/25/2025 VIEW 
Courtney Reichert tamadebnath2001+2304@gmail.com 01308978554 Suite 168 4119 Bud Skyway, Lake Tennille, TN 60497 Male 10/25/2025 VIEW 
Elbert Aufderhar nazia8063112@gmail.com 01505759976 Brasilia Female 10/25/2025 VIEW 
Chastity Sipes testuser_c7f45b4a@gmail.com 01425798368 Svalbard & Jan Mayen Islands Male 10/25/2025 VIEW 
Testuser20 Debnath tamadebnath2001+2370@gmail.com 01304412179 Hajigonj Male 10/25/2025 VIEW 
Testuser42 Debnath tamadebnath2001+3377@gmail.com 01315112710 Hajigonj Male 10/25/2025 VIEW 
Testuser41 Debnath tamadebnath2001+3376@gmail.com 01315212799 Hajigonj Male 10/25/2025 VIEW 
Testuser43 Debnath tamadebnath2001+3378@gmail.com 01315012710 Hajigonj Male 10/25/2025 VIEW 
Tory Cruickshank nazia7256092@gmail.com 01509169857 Andorra la Vella Female 10/25/2025 VIEW 
Irene Kovacek tamadebnath2001+6424@gmail.com 01308128814 Suite 733 320 Hirthe Point, East Vanville, NM 73212-9320 Male 10/25/2025 VIEW 
Pamula Dickinson nazia1667102@gmail.com 01506156006 Ottawa Female 10/25/2025 VIEW 
Hwa Blanda nazia6547862@gmail.com 01506969072 Longyearbyen Female 10/25/2025 VIEW 
Testuser40 Debnath tamadebnath2001+3375@gmail.com 01315012779 Hajigonj Male 10/25/2025 VIEW 
Olivia Padberg tamadebnath2001+2889@gmail.com 01309944136 Apt. 016 35597 Rohan Wells, Torphyfurt, MN 04651-1285 Male 10/25/2025 VIEW 
Irvin Miller testuser_627e309a@gmail.com 01470447187 Tuvalu Male 10/25/2025 VIEW 
Testuser52 Debnath tamadebnath2001+3387@gmail.com 01815112710 Hajigonj Male 10/25/2025 VIEW 
Testuser51 Debnath tamadebnath2001+3386@gmail.com 01815212799 Hajigonj Male 10/25/2025 VIEW 
Testuser53 Debnath tamadebnath2001+3388@gmail.com 01815012710 Hajigonj Male 10/25/2025 VIEW 
Colby Gibson tamadebnath2001+6010@gmail.com 01302193539 258 Ankunding Street, North Melyndashire, CT 73883-6617 Male 10/25/2025 VIEW 
Ariel Stark testuser_9aa5e7b8@gmail.com 01316793031 Niue Male 10/25/2025 VIEW 
Billie Mann testuser_b619c9b0@gmail.com 01910038581 Saudi Arabia Male 10/25/2025 VIEW 
Renate Rutherford nazia2341404@gmail.com 01509095424 Bangui Female 10/25/2025 VIEW 
Johana Von testuser_56155eac@gmail.com 01468180645 Mongolia Male 10/25/2025 VIEW 
Cherish Christiansen nazia5901162@gmail.com 01504795833 La Paz Female 10/25/2025 VIEW 
Blythe Zemlak testuser_fdf5c0a3@gmail.com 01389654719 India Male 10/25/2025 VIEW 
